{
  "llamaindex/vdr-2b-multi-v1 (1536 dim) (960 max pixels)": {
    "ENERGY_EN": {
        "en": 0.9064713561013534,
        "fr": 0.8915116814696813,
        "de": 0.8771447513905304,
        "it": 0.8822130007875514,
        "es": 0.8890421421056137
    },
    "ENERGY_FR": {
        "en": 0.8664716145521915,
        "fr": 0.8724679747924354,
        "de": 0.7969272485807078,
        "it": 0.8369809864805748,
        "es": 0.8398171676654868
    },
    "License": "Apache 2.0"
  },
  "llamaindex/vdr-2b-multi-v1 (1536 dim) (768 max pixels)": {
    "ENERGY_EN": {
        "en": 0.9056966191854877,
        "fr": 0.8814481576759942,
        "de": 0.8677028930739694,
        "it": 0.887347176313906,
        "es": 0.8836230691570296
    },
    "ENERGY_FR": {
        "en": 0.8600078106111717,
        "fr": 0.875590870797616,
        "de": 0.7994682538707824,
        "it": 0.8329727980886149,
        "es": 0.8373233417400284
    },
    "License": "Apache 2.0"
  },
  "llamaindex/vdr-2b-multi-v1 (768 dim) (960 max pixels)": {
    "ENERGY_EN": {
        "en": 0.9040759668179204,
        "fr": 0.8746541123436405,
        "de": 0.8560369810570134,
        "it": 0.8554604694074869,
        "es": 0.8559578821798726
    },
    "ENERGY_FR": {
        "en": 0.8260181607076341,
        "fr": 0.856274189278424,
        "de": 0.7687147115662343,
        "it": 0.8059781690988007,
        "es": 0.8164392225457765
    },
    "License": "Apache 2.0"
  },
  "marco/mcdse-2b-v1 (1536 dim) (960 max pixels)": {
    "ENERGY_EN": {
        "en": 0.8864914044758345,
        "fr": 0.8581359097016441,
        "de": 0.8607091625368953,
        "it": 0.8539746155123089,
        "es": 0.8670746944536166
    },
    "ENERGY_FR": {
        "en": 0.8363043545751958,
        "fr": 0.8344453830143979,
        "de": 0.8013868818049785,
        "it": 0.8271768291414843,
        "es": 0.8266757566975349
    },
    "License": "Apache 2.0"
  },
  "marco/mcdse-2b-v1 (768 dim) (960 max pixels)": {
    "ENERGY_EN": {
        "en": 0.8755419235816851,
        "fr": 0.8573657099961326,
        "de": 0.8481401154301397,
        "it": 0.8506702006425194,
        "es": 0.854859417172228
    },
    "ENERGY_FR": {
        "en": 0.8199730664365921,
        "fr": 0.8313944410898241,
        "de": 0.79254381618098,
        "it": 0.8149253984511224,
        "es": 0.8115440946149329
    },
    "License": "Apache 2.0"
  },
  "MrLight/dse-qwen2-2b-mrl-v1 (1024 max pixels)": {
    "ENERGY_EN": {
        "en": 0.8858914849980944,
        "fr": 0.8319955161103443,
        "de": 0.8007595660782697,
        "it": 0.7884830257969229,
        "es": 0.8109588364468638
    },
    "ENERGY_FR": {
        "en": 0.7999719292959505,
        "fr": 0.7814200135493101,
        "de": 0.6931412447554907,
        "it": 0.7124515040042555,
        "es": 0.7407532416059531
    },
    "License": "Apache 2.0"
  },
  "vidore/colqwen2-v1.0": {
    "ENERGY_EN": {
        "en": 0.9450269368391911,
        "fr": 0.8799090261578681,
        "de": 0.8941818719335239,
        "it": 0.8928554849519516,
        "es": 0.8973223517567471
    },
    "ENERGY_FR": {
        "en": 0.797855079299299,
        "fr": 0.8427709258268349,
        "de": 0.7758948792503111,
        "it": 0.8388839166668723,
        "es": 0.8330444309570463
    },
    "License": "Apache 2.0"
  },
  "racineai/QwenAmann-4B-dse": {
    "ENERGY_EN": {
        "en": 0.9067813240751449,
        "fr": 0.894268250289723,
        "de": 0.8838255343626593,
        "it": 0.8944133260703276,
        "es": 0.9023381723083995
    },
    "ENERGY_FR": {
        "en": 0.9164613474516133,
        "fr": 0.9223163980946204,
        "de": 0.8808652323919786,
        "it": 0.9103610446964704,
        "es": 0.9149073120169101
    },
    "License": "Apache 2.0"
  },
  "jinaai/jina-embeddings-v4": {
    "ENERGY_EN": {
        "en": 0.9246601513657182,
        "fr": 0.9129566282071399,
        "de": 0.9041419877625715,
        "it": 0.907175847963474,
        "es": 0.9106326677599373
    },
    "ENERGY_FR": {
        "en": 0.9047327636944822,
        "fr": 0.9051660347898851,
        "de": 0.8986816930100309,
        "it": 0.9057200656915912,
        "es": 0.9059875920827836
    },
    "License": "Qwen Research License (NC)"
  },
  "Alibaba-NLP/gme-Qwen2-VL-2B-Instruct": {
    "ENERGY_EN": {
      "en": 0.8543160297514112,
      "fr": 0.8233691101050026,
      "de": 0.8144689878335026,
      "it": 0.8226984776178596,
      "es": 0.8435247185057887
    },
    "ENERGY_FR": {
        "en": 0.7948213876766665,
        "fr": 0.8141921315218869,
        "de": 0.7879807743413478,
        "it": 0.8203145999058352,
        "es": 0.8279510851214207
    },
    "License": "Apache 2.0"
  },
  "racineai/Flantier-SmolVLM-2B-dse": {
    "origin": "EU",
    "ENERGY_EN": {
      "en": 0.8867680191920602,
      "fr": 0.7577338662000416,
      "de": 0.7085700422386438,
      "it": 0.7922815982637218,
      "es": 0.8241859159760317
    },
    "ENERGY_FR": {
      "en": 0.7567789969566571,
      "fr": 0.8282483912934573,
      "de": 0.6031166536296358,
      "it": 0.7530777182006402,
      "es": 0.757678752178639
    },
    "License": "Apache 2.0"
  },
  "racineai/Flantier-SmolVLM-500M-dse": {
    "origin": "EU",
    "ENERGY_EN": {
      "en": 0.8153009806531882,
      "fr": 0.6071219186428009,
      "de": 0.44109186900489206,
      "it": 0.5555778503447449,
      "es": 0.5792767688341532
    },
    "ENERGY_FR": {
      "en": 0.5780510877846053,
      "fr": 0.5514522808715399,
      "de": 0.2982854911981817,
      "it": 0.4507487986134664,
      "es": 0.48847155275908344
    },
    "License": "Apache 2.0"
  },
  "HuggingFaceTB/SmolVLM-500M-Instruct (base model)": {
    "origin": "EU",
    "ENERGY_EN": {
      "en": 0.36031130067620937,
      "fr": 0.16221494242153997,
      "de": 0.1584892148952322,
      "it": 0.16235437347603082,
      "es": 0.1557262842051152
    },
    "ENERGY_FR": {
      "en": 0.24366140479698933,
      "fr": 0.1513110070740866,
      "de": 0.14536918902247017,
      "it": 0.14280464253419706,
      "es": 0.13903597974783502
    },
    "License": "Apache 2.0"
  },
  "HuggingFaceTB/SmolVLM-Instruct (base model)": {
    "origin": "EU",
    "ENERGY_EN": {
      "en": 0.3104143166275596,
      "fr": 0.15964826696598852,
      "de": 0.1645588080353532,
      "it": 0.16498779566801863,
      "es": 0.17682109785787584
    },
    "ENERGY_FR": {
      "en": 0.2981417949133847,
      "fr": 0.15683238366325403,
      "de": 0.16380710034842738,
      "it": 0.16173714625014246,
      "es": 0.17481822122405033
    },
    "License": "Apache 2.0"
  }
}