{
  "config_general": {
    "lighteval_sha": "?",
    "num_fewshot_seeds": 1,
    "max_samples": null,
    "job_id": 0,
    "start_time": 467584.450750246,
    "end_time": 475603.582799305,
    "total_evaluation_time_secondes": "8019.1320490589715",
    "model_name": "HuggingFaceH4/Qwen2.5-1.5B-Instruct-gkd",
    "model_sha": "",
    "model_dtype": null,
    "model_size": null,
    "generation_parameters": {
      "early_stopping": null,
      "repetition_penalty": null,
      "frequency_penalty": null,
      "length_penalty": null,
      "presence_penalty": null,
      "max_new_tokens": 32768,
      "min_new_tokens": null,
      "seed": null,
      "stop_tokens": null,
      "temperature": 0.6,
      "top_k": null,
      "min_p": null,
      "top_p": 0.95,
      "truncate_prompt": null,
      "response_format": null
    }
  },
  "results": {
    "lighteval|aime24|0": {
      "math_pass@1:1_samples": 0.03333333333333333,
      "math_pass@1:1_samples_stderr": 0.033333333333333326,
      "math_pass@1:4_samples": 0.016666666666666666,
      "math_pass@1:4_samples_stderr": 0.016666666666666663,
      "math_pass@1:8_samples": 0.008333333333333333,
      "math_pass@1:8_samples_stderr": 0.008333333333333331,
      "math_pass@1:16_samples": 0.008333333333333333,
      "math_pass@1:16_samples_stderr": 0.006519569715251967,
      "math_pass@1:32_samples": 0.010416666666666663,
      "math_pass@1:32_samples_stderr": 0.008519824189181333,
      "math_pass@1:64_samples": 0.011458333333333338,
      "math_pass@1:64_samples_stderr": 0.008135676745736103
    },
    "all": {
      "math_pass@1:1_samples": 0.03333333333333333,
      "math_pass@1:1_samples_stderr": 0.033333333333333326,
      "math_pass@1:4_samples": 0.016666666666666666,
      "math_pass@1:4_samples_stderr": 0.016666666666666663,
      "math_pass@1:8_samples": 0.008333333333333333,
      "math_pass@1:8_samples_stderr": 0.008333333333333331,
      "math_pass@1:16_samples": 0.008333333333333333,
      "math_pass@1:16_samples_stderr": 0.006519569715251967,
      "math_pass@1:32_samples": 0.010416666666666663,
      "math_pass@1:32_samples_stderr": 0.008519824189181333,
      "math_pass@1:64_samples": 0.011458333333333338,
      "math_pass@1:64_samples_stderr": 0.008135676745736103
    }
  },
  "versions": {
    "lighteval|aime24|0": 2
  },
  "config_tasks": {
    "lighteval|aime24": {
      "name": "aime24",
      "prompt_function": "aime_prompt_fn",
      "hf_repo": "HuggingFaceH4/aime_2024",
      "hf_subset": "default",
      "metric": [
        {
          "metric_name": "math_pass@1:1_samples",
          "higher_is_better": true,
          "category": "5",
          "use_case": "6",
          "sample_level_fn": "compute",
          "corpus_level_fn": "mean"
        },
        {
          "metric_name": "math_pass@1:4_samples",
          "higher_is_better": true,
          "category": "5",
          "use_case": "6",
          "sample_level_fn": "compute",
          "corpus_level_fn": "mean"
        },
        {
          "metric_name": "math_pass@1:8_samples",
          "higher_is_better": true,
          "category": "5",
          "use_case": "6",
          "sample_level_fn": "compute",
          "corpus_level_fn": "mean"
        },
        {
          "metric_name": "math_pass@1:16_samples",
          "higher_is_better": true,
          "category": "5",
          "use_case": "6",
          "sample_level_fn": "compute",
          "corpus_level_fn": "mean"
        },
        {
          "metric_name": "math_pass@1:32_samples",
          "higher_is_better": true,
          "category": "5",
          "use_case": "6",
          "sample_level_fn": "compute",
          "corpus_level_fn": "mean"
        },
        {
          "metric_name": "math_pass@1:64_samples",
          "higher_is_better": true,
          "category": "5",
          "use_case": "6",
          "sample_level_fn": "compute",
          "corpus_level_fn": "mean"
        }
      ],
      "hf_revision": null,
      "hf_filter": null,
      "hf_avail_splits": [
        "train"
      ],
      "trust_dataset": false,
      "evaluation_splits": [
        "train"
      ],
      "few_shots_split": null,
      "few_shots_select": null,
      "generation_size": 32768,
      "generation_grammar": null,
      "stop_sequence": [],
      "num_samples": null,
      "suite": [
        "lighteval"
      ],
      "original_num_docs": 30,
      "effective_num_docs": 30,
      "must_remove_duplicate_docs": false,
      "version": 2
    }
  },
  "summary_tasks": {
    "lighteval|aime24|0": {
      "hashes": {
        "hash_examples": "ddec8fc79d0a014b",
        "hash_full_prompts": "d1829811f23cf34b",
        "hash_input_tokens": "7211f832bf7f8d79",
        "hash_cont_tokens": "01f48ff6bd876c3b"
      },
      "truncated": 0,
      "non_truncated": 30,
      "padded": 0,
      "non_padded": 30,
      "effective_few_shots": 0.0,
      "num_truncated_few_shots": 0
    }
  },
  "summary_general": {
    "hashes": {
      "hash_examples": "c903e836a519cf98",
      "hash_full_prompts": "09fe8694776a7143",
      "hash_input_tokens": "b52bc353fe82900e",
      "hash_cont_tokens": "503da78dca92ed93"
    },
    "truncated": 0,
    "non_truncated": 30,
    "padded": 0,
    "non_padded": 30,
    "num_truncated_few_shots": 0
  }
}